category,filename,tags,original_path
bathroom,angelo-bathroom-remodel-001.jpg,"remodel,renovation,before-after,residential,bathroom",gallery/Bathroom Remodel/IMG_0069.jpg
bathroom,angelo-bathroom-remodel-002.jpg,"remodel,renovation,before-after,residential,bathroom",gallery/Bathroom Remodel/IMG_0070.jpg
bathroom,angelo-bathroom-remodel-003.jpg,"remodel,renovation,before-after,residential,bathroom",gallery/Bathroom Remodel/IMG_0071.jpg
bathroom,angelo-bathroom-remodel-004.jpg,"remodel,renovation,before-after,residential,bathroom",gallery/Bathroom Remodel/IMG_0072.jpg
bathroom,angelo-bathroom-remodel-005.jpg,"remodel,renovation,before-after,residential,bathroom",gallery/Bathroom Remodel/IMG_3492.jpg
bathroom,angelo-bathroom-remodel-006.jpg,"remodel,renovation,before-after,residential,bathroom",gallery/Bathroom Remodel/IMG_3493.jpg
bathroom,angelo-bathroom-remodel-007.jpg,"remodel,renovation,before-after,residential,bathroom",gallery/Bathroom Remodel/IMG_3496.jpg
bathroom,angelo-bathroom-remodel-008.jpg,"remodel,renovation,before-after,residential,bathroom",gallery/Bathroom Remodel/IMG_3497.jpg
bathroom,angelo-bathroom-remodel-009.jpg,"remodel,renovation,before-after,residential,bathroom",gallery/Bathroom Remodel/IMG_3498.jpg
bathroom,angelo-bathroom-remodel-010.jpg,"remodel,renovation,before-after,residential,bathroom",gallery/Bathroom Remodel/IMG_3793.jpg
bathroom,angelo-bathroom-remodel-011.jpg,"remodel,renovation,before-after,residential,bathroom",gallery/Bathroom Remodel/IMG_3794.jpg
bathroom,angelo-bathroom-remodel-012.jpg,"remodel,renovation,before-after,residential,bathroom",gallery/Bathroom Remodel/IMG_3795.jpg
bathroom,angelo-bathroom-remodel-013.jpg,"remodel,renovation,before-after,residential,bathroom",gallery/Bathroom Remodel/IMG_3796.jpg
bathroom,angelo-bathroom-remodel-014.jpg,"remodel,renovation,before-after,residential,bathroom",gallery/Bathroom Remodel/IMG_3797.jpg
bathroom,angelo-bathroom-remodel-015.jpg,"remodel,renovation,before-after,residential,bathroom",gallery/Bathroom Remodel/IMG_3798.jpg
bathroom,angelo-bathroom-remodel-016.jpg,"remodel,renovation,before-after,residential,bathroom",gallery/Bathroom Remodel/IMG_3807.jpg
bathroom,angelo-bathroom-remodel-017.jpg,"remodel,renovation,before-after,residential,bathroom",gallery/Bathroom Remodel/IMG_3808.jpg
bathroom,angelo-bathroom-remodel-018.jpg,"remodel,renovation,before-after,residential,bathroom",gallery/Bathroom Remodel/IMG_3809.jpg
bathroom,angelo-bathroom-remodel-019.jpg,"remodel,renovation,before-after,residential,bathroom",gallery/Bathroom Remodel/IMG_3810.jpg
bathroom,angelo-bathroom-remodel-020.jpg,"remodel,renovation,before-after,residential,bathroom",gallery/Bathroom Remodel/IMG_3811.jpg
bathroom,angelo-bathroom-remodel-021.jpg,"remodel,renovation,before-after,residential,bathroom",gallery/Bathroom Remodel/IMG_3812.jpg
bathroom,angelo-bathroom-remodel-022.jpg,"remodel,renovation,before-after,residential,bathroom",gallery/Bathroom Remodel/IMG_3813.jpg
bathroom,angelo-bathroom-remodel-023.jpg,"remodel,renovation,before-after,residential,bathroom",gallery/Bathroom Remodel/IMG_3814.jpg
bathroom,angelo-bathroom-remodel-024.jpg,"remodel,renovation,before-after,residential,bathroom",gallery/Bathroom Remodel/IMG_3815.jpg
bathroom,angelo-bathroom-remodel-025.jpg,"remodel,renovation,before-after,residential,bathroom",gallery/Bathroom Remodel/IMG_3829.jpg
bathroom,angelo-bathroom-remodel-026.jpg,"remodel,renovation,before-after,residential,bathroom",gallery/Bathroom Remodel/IMG_3830.jpg
bathroom,angelo-bathroom-remodel-027.jpg,"remodel,renovation,before-after,residential,bathroom",gallery/Bathroom Remodel/IMG_3831.jpg
bathroom,angelo-bathroom-remodel-028.jpg,"remodel,renovation,before-after,residential,bathroom",gallery/Bathroom Remodel/IMG_3859.jpg
bathroom,angelo-bathroom-remodel-029.jpg,"remodel,renovation,before-after,residential,bathroom",gallery/Bathroom Remodel/IMG_3860.jpg
bathroom,angelo-bathroom-remodel-030.jpg,"remodel,renovation,before-after,residential,bathroom",gallery/Bathroom Remodel/IMG_3861.jpg
bathroom,angelo-bathroom-remodel-031.jpg,"remodel,renovation,before-after,residential,bathroom",gallery/Bathroom Remodel/IMG_3869.jpg
bathroom,angelo-bathroom-remodel-032.jpg,"remodel,renovation,before-after,residential,bathroom",gallery/Bathroom Remodel/IMG_3870.jpg
bathroom,angelo-bathroom-remodel-033.jpg,"remodel,renovation,before-after,residential,bathroom",gallery/Bathroom Remodel/IMG_3872.jpg
bathroom,angelo-bathroom-remodel-034.jpg,"remodel,renovation,before-after,residential,bathroom",gallery/Bathroom Remodel/IMG_3873.jpg
bathroom,angelo-bathroom-remodel-035.jpg,"remodel,renovation,before-after,residential,bathroom",gallery/Bathroom Remodel/IMG_3874.jpg
bathroom,angelo-bathroom-remodel-036.jpg,"remodel,renovation,before-after,residential,bathroom",gallery/Bathroom Remodel/IMG_3899.jpg
bathroom,angelo-bathroom-remodel-037.jpg,"remodel,renovation,before-after,residential,bathroom",gallery/Bathroom Remodel/IMG_3900.jpg
bathroom,angelo-bathroom-remodel-038.jpg,"remodel,renovation,before-after,residential,bathroom",gallery/Bathroom Remodel/IMG_3901.jpg
kitchen,angelo-kitchen-remodel-001.jpg,"remodel,renovation,before-after,residential,kitchen",gallery/Kitchen Remodel/IMG_3799.jpg
kitchen,angelo-kitchen-remodel-002.jpg,"remodel,renovation,before-after,residential,kitchen",gallery/Kitchen Remodel/IMG_3800.jpg
kitchen,angelo-kitchen-remodel-003.jpg,"remodel,renovation,before-after,residential,kitchen",gallery/Kitchen Remodel/IMG_3801.jpg
kitchen,angelo-kitchen-remodel-004.jpg,"remodel,renovation,before-after,residential,kitchen",gallery/Kitchen Remodel/IMG_3802.jpg
kitchen,angelo-kitchen-remodel-005.jpg,"remodel,renovation,before-after,residential,kitchen",gallery/Kitchen Remodel/IMG_3803.jpg
kitchen,angelo-kitchen-remodel-006.jpg,"remodel,renovation,before-after,residential,kitchen",gallery/Kitchen Remodel/IMG_3804.jpg
kitchen,angelo-kitchen-remodel-007.jpg,"remodel,renovation,before-after,residential,kitchen",gallery/Kitchen Remodel/IMG_3805.jpg
kitchen,angelo-kitchen-remodel-008.jpg,"remodel,renovation,before-after,residential,kitchen",gallery/Kitchen Remodel/IMG_3806.jpg
kitchen,angelo-kitchen-remodel-009.jpg,"remodel,renovation,before-after,residential,kitchen",gallery/Kitchen Remodel/IMG_3816.jpg
kitchen,angelo-kitchen-remodel-010.jpg,"remodel,renovation,before-after,residential,kitchen",gallery/Kitchen Remodel/IMG_3817.jpg
kitchen,angelo-kitchen-remodel-011.jpg,"remodel,renovation,before-after,residential,kitchen",gallery/Kitchen Remodel/IMG_3818.jpg
kitchen,angelo-kitchen-remodel-012.jpg,"remodel,renovation,before-after,residential,kitchen",gallery/Kitchen Remodel/IMG_3819.jpg
kitchen,angelo-kitchen-remodel-013.jpg,"remodel,renovation,before-after,residential,kitchen",gallery/Kitchen Remodel/IMG_3820.jpg
kitchen,angelo-kitchen-remodel-014.jpg,"remodel,renovation,before-after,residential,kitchen",gallery/Kitchen Remodel/IMG_3821.jpg
kitchen,angelo-kitchen-remodel-015.jpg,"remodel,renovation,before-after,residential,kitchen",gallery/Kitchen Remodel/IMG_3822.jpg
kitchen,angelo-kitchen-remodel-016.jpg,"remodel,renovation,before-after,residential,kitchen",gallery/Kitchen Remodel/IMG_3823.jpg
kitchen,angelo-kitchen-remodel-017.jpg,"remodel,renovation,before-after,residential,kitchen",gallery/Kitchen Remodel/IMG_3824.jpg
kitchen,angelo-kitchen-remodel-018.jpg,"remodel,renovation,before-after,residential,kitchen",gallery/Kitchen Remodel/IMG_3825.jpg
kitchen,angelo-kitchen-remodel-019.jpg,"remodel,renovation,before-after,residential,kitchen",gallery/Kitchen Remodel/IMG_3832.jpg
kitchen,angelo-kitchen-remodel-020.jpg,"remodel,renovation,before-after,residential,kitchen",gallery/Kitchen Remodel/IMG_3833.jpg
kitchen,angelo-kitchen-remodel-021.jpg,"remodel,renovation,before-after,residential,kitchen",gallery/Kitchen Remodel/IMG_3834.jpg
kitchen,angelo-kitchen-remodel-022.jpg,"remodel,renovation,before-after,residential,kitchen",gallery/Kitchen Remodel/IMG_3835.jpg
kitchen,angelo-kitchen-remodel-023.jpg,"remodel,renovation,before-after,residential,kitchen",gallery/Kitchen Remodel/IMG_3836.jpg
kitchen,angelo-kitchen-remodel-024.jpg,"remodel,renovation,before-after,residential,kitchen",gallery/Kitchen Remodel/IMG_3837.jpg
kitchen,angelo-kitchen-remodel-025.jpg,"remodel,renovation,before-after,residential,kitchen",gallery/Kitchen Remodel/IMG_3838.jpg
kitchen,angelo-kitchen-remodel-026.jpg,"remodel,renovation,before-after,residential,kitchen",gallery/Kitchen Remodel/IMG_3839.jpg
kitchen,angelo-kitchen-remodel-027.jpg,"remodel,renovation,before-after,residential,kitchen",gallery/Kitchen Remodel/IMG_3840.jpg
kitchen,angelo-kitchen-remodel-028.jpg,"remodel,renovation,before-after,residential,kitchen",gallery/Kitchen Remodel/IMG_3841.jpg
kitchen,angelo-kitchen-remodel-029.jpg,"remodel,renovation,before-after,residential,kitchen",gallery/Kitchen Remodel/IMG_3842.jpg
kitchen,angelo-kitchen-remodel-030.jpg,"remodel,renovation,before-after,residential,kitchen",gallery/Kitchen Remodel/IMG_3844.jpg
kitchen,angelo-kitchen-remodel-031.jpg,"remodel,renovation,before-after,residential,kitchen",gallery/Kitchen Remodel/IMG_3845.jpg
kitchen,angelo-kitchen-remodel-032.jpg,"remodel,renovation,before-after,residential,kitchen",gallery/Kitchen Remodel/IMG_3846.jpg
kitchen,angelo-kitchen-remodel-033.jpg,"remodel,renovation,before-after,residential,kitchen",gallery/Kitchen Remodel/IMG_3848.jpg
kitchen,angelo-kitchen-remodel-034.jpg,"remodel,renovation,before-after,residential,kitchen",gallery/Kitchen Remodel/IMG_3849.jpg
kitchen,angelo-kitchen-remodel-035.jpg,"remodel,renovation,before-after,residential,kitchen",gallery/Kitchen Remodel/IMG_3850.jpg
kitchen,angelo-kitchen-remodel-036.jpg,"remodel,renovation,before-after,residential,kitchen",gallery/Kitchen Remodel/IMG_3853.jpg
kitchen,angelo-kitchen-remodel-037.jpg,"remodel,renovation,before-after,residential,kitchen",gallery/Kitchen Remodel/IMG_3854.jpg
kitchen,angelo-kitchen-remodel-038.jpg,"remodel,renovation,before-after,residential,kitchen",gallery/Kitchen Remodel/IMG_3855.jpg
kitchen,angelo-kitchen-remodel-039.jpg,"remodel,renovation,before-after,residential,kitchen",gallery/Kitchen Remodel/IMG_3856.jpg
kitchen,angelo-kitchen-remodel-040.jpg,"remodel,renovation,before-after,residential,kitchen",gallery/Kitchen Remodel/IMG_3857.jpg
kitchen,angelo-kitchen-remodel-041.jpg,"remodel,renovation,before-after,residential,kitchen",gallery/Kitchen Remodel/IMG_3858.jpg
kitchen,angelo-kitchen-remodel-042.jpg,"remodel,renovation,before-after,residential,kitchen",gallery/Kitchen Remodel/IMG_3862.jpg
kitchen,angelo-kitchen-remodel-043.jpg,"remodel,renovation,before-after,residential,kitchen",gallery/Kitchen Remodel/IMG_3864.jpg
kitchen,angelo-kitchen-remodel-044.jpg,"remodel,renovation,before-after,residential,kitchen",gallery/Kitchen Remodel/IMG_3865.jpg
kitchen,angelo-kitchen-remodel-045.jpg,"remodel,renovation,before-after,residential,kitchen",gallery/Kitchen Remodel/IMG_3868.jpg
kitchen,angelo-kitchen-remodel-046.jpg,"remodel,renovation,before-after,residential,kitchen",gallery/Kitchen Remodel/IMG_3875.jpg
kitchen,angelo-kitchen-remodel-047.jpg,"remodel,renovation,before-after,residential,kitchen",gallery/Kitchen Remodel/IMG_3876.jpg
kitchen,angelo-kitchen-remodel-048.jpg,"remodel,renovation,before-after,residential,kitchen",gallery/Kitchen Remodel/IMG_3877.jpg
kitchen,angelo-kitchen-remodel-049.jpg,"remodel,renovation,before-after,residential,kitchen",gallery/Kitchen Remodel/IMG_3878.jpg
kitchen,angelo-kitchen-remodel-050.jpg,"remodel,renovation,before-after,residential,kitchen",gallery/Kitchen Remodel/IMG_3879.jpg
kitchen,angelo-kitchen-remodel-051.jpg,"remodel,renovation,before-after,residential,kitchen",gallery/Kitchen Remodel/IMG_3880.jpg
kitchen,angelo-kitchen-remodel-052.jpg,"remodel,renovation,before-after,residential,kitchen",gallery/Kitchen Remodel/IMG_3881.jpg
kitchen,angelo-kitchen-remodel-053.jpg,"remodel,renovation,before-after,residential,kitchen",gallery/Kitchen Remodel/IMG_3882.jpg
kitchen,angelo-kitchen-remodel-054.jpg,"remodel,renovation,before-after,residential,kitchen",gallery/Kitchen Remodel/IMG_3883.jpg
kitchen,angelo-kitchen-remodel-055.jpg,"remodel,renovation,before-after,residential,kitchen",gallery/Kitchen Remodel/IMG_3884.jpg
kitchen,angelo-kitchen-remodel-056.jpg,"remodel,renovation,before-after,residential,kitchen",gallery/Kitchen Remodel/IMG_3885.jpg
kitchen,angelo-kitchen-remodel-057.jpg,"remodel,renovation,before-after,residential,kitchen",gallery/Kitchen Remodel/IMG_3886.jpg
kitchen,angelo-kitchen-remodel-058.jpg,"remodel,renovation,before-after,residential,kitchen",gallery/Kitchen Remodel/IMG_3887.jpg
kitchen,angelo-kitchen-remodel-059.jpg,"remodel,renovation,before-after,residential,kitchen",gallery/Kitchen Remodel/IMG_3888.jpg
kitchen,angelo-kitchen-remodel-060.jpg,"remodel,renovation,before-after,residential,kitchen",gallery/Kitchen Remodel/IMG_3889.jpg
kitchen,angelo-kitchen-remodel-061.jpg,"remodel,renovation,before-after,residential,kitchen",gallery/Kitchen Remodel/IMG_3890.jpg
kitchen,angelo-kitchen-remodel-062.jpg,"remodel,renovation,before-after,residential,kitchen",gallery/Kitchen Remodel/IMG_3891.jpg
kitchen,angelo-kitchen-remodel-063.jpg,"remodel,renovation,before-after,residential,kitchen",gallery/Kitchen Remodel/IMG_3892.jpg
kitchen,angelo-kitchen-remodel-064.jpg,"remodel,renovation,before-after,residential,kitchen",gallery/Kitchen Remodel/IMG_3893.jpg
kitchen,angelo-kitchen-remodel-065.jpg,"remodel,renovation,before-after,residential,kitchen",gallery/Kitchen Remodel/IMG_3894.jpg
